,featurecla,scalerank,adm1_code,diss_me,iso_3166_2,wikipedia,iso_a2,adm0_sr,name,name_alt,name_local,type,type_en,code_local,code_hasc,note,hasc_maybe,region,region_cod,provnum_ne,gadm_level,check_me,datarank,abbrev,postal,area_sqkm,sameascity,labelrank,name_len,mapcolor9,mapcolor13,fips,fips_alt,woe_id,woe_label,woe_name,latitude,longitude,sov_a3,adm0_a3,adm0_label,admin,geonunit,gu_a3,gn_id,gn_name,gns_id,gns_name,gn_level,gn_region,gn_a1_code,region_sub,sub_code,gns_level,gns_lang,gns_adm1,gns_region,min_label,max_label,min_zoom,wikidataid,name_ar,name_bn,name_de,name_en,name_es,name_fr,name_el,name_hi,name_hu,name_id,name_it,name_ja,name_ko,name_nl,name_pl,name_pt,name_ru,name_sv,name_tr,name_vi,name_zh,ne_id,name_he,name_uk,name_ur,name_fa,name_zht,FCLASS_ISO,FCLASS_US,FCLASS_FR,FCLASS_RU,FCLASS_ES,FCLASS_CN,FCLASS_TW,FCLASS_IN,FCLASS_NP,FCLASS_PK,FCLASS_DE,FCLASS_GB,FCLASS_BR,FCLASS_IL,FCLASS_PS,FCLASS_SA,FCLASS_EG,FCLASS_MA,FCLASS_PT,FCLASS_AR,FCLASS_JP,FCLASS_KO,FCLASS_VN,FCLASS_TR,FCLASS_ID,FCLASS_PL,FCLASS_GR,FCLASS_IT,FCLASS_NL,FCLASS_SE,FCLASS_BD,FCLASS_UA,FCLASS_TLC,baseClass,subClass,lat,lon,GEOlayersMatchProperty,y_2005
0,Admin-1 states provinces,7,VNM-486,486,VN-28,,VN,1,Kon Tum,Kon Tum,,Tỉnh,Province,,VN.KT,,,Nam Trung Bộ,VNM-KTM,19,2,20,5,,,0,-99,7,7,5,4,VM55,,20070076,"Kon Tum, VN, Vietnam",Kon Tum,14.7451,107.969,VNM,VNM,2,Vietnam,Vietnam,VNM,1565088,Tinh Kon Tum,-3731073,"Kon Tum, Tinh",1,,VN.55,,,1,eng,VM55,,8.0,11,8,Q36315,محافظة كون توم,কন্ তুম,Kon Tum,Kon Tum,Kon Tum,Kon Tum,Κον Τουμ,कॉन टम प्रांत,Kon Tum,Kon Tum,Kon Tum,コントゥム省,꼰뚬성,Kon Tum,Prowincja Kon Tum,Kon Tum,Контум,Kon Tum,Kon Tum,Kon Tum,昆嵩省,1159308305,קון טום,Контум,کون تم صوبہ,استان کون توم,崑嵩省,,,,,,,,,,,,,,,,,,,,,,,,,,,,,,,,,,admin_boundary,state,14.662683776074308,107.8853078343014,0 Kon Tum,3.27
1,Admin-1 states provinces,7,VNM-4835,4835,VN-72,http://en.wikipedia.org/wiki/%C4%90%E1%BA%AFk_N%C3%B4ng_province,VN,1,Đắk Nông,Dak Nong,,Tỉnh,Province,,VN.DO,,,Tây Nguyên,VNM-DLA,0,2,20,5,,,0,-99,7,8,5,4,VM91,,28301719,"Dac Nong, VN, Vietnam",Dac Nong,12.1425,107.66,VNM,VNM,2,Vietnam,Vietnam,VNM,1904987,Dak Nong,11412978,"Â¿ak Nong, Tinh",1,,VN.91,Central Highlands,,1,vie,VM91,,8.0,11,8,Q36723,محافظة داك نونغ,ডাক নোং,Đắk Nông,Đắk Nông,Đăk Nông,Đắk Nông,Ντακ Νονγκ,डाक नोंग,Đắk Nông,Dak Nong,Dak Nong,ダクノン省,닥농성,Đắk Nông,Prowincja Đăk Nông,Dak Nong,Дакнонг,Dak Nong,Dak Nong,Đắk Nông,得农省,1159315895,דאק נאונגם,Дакнонг,داک نونگ صوبہ,استان داک نونگ,得農省,,,,,,,,,,,,,,,,,,,,,,,,,,,,,,,,,,admin_boundary,state,12.193535542770986,107.68639946746724,1 Đắk Nông,4.99
2,Admin-1 states provinces,7,VNM-477,477,VN-33,,VN,1,Đắk Lắk,Dak Lak|Dac Lac,,Tỉnh,Province,,VN.DC,,,Tây Nguyên,VNM-DLA,22,2,20,5,,,0,-99,7,7,5,4,VM88,,2347720,"Dak Lak, VN, Vietnam",Dak Lak,12.7691,108.133,VNM,VNM,2,Vietnam,Vietnam,VNM,1584169,Tinh Dak Lak,-3711947,"Dak Lak, Tinh",1,,VN.88,Central Highlands,,1,vie,VM88,,8.0,11,8,Q36690,محافظة داك لاك,ডাক লাক,Đắk Lắk,Đắk Lắk,Đắk Lắk,Đắk Lắk,Ντακ Λακ,डाक लाक,Đắk Lắk,Dak Lak,Dak Lak,ダクラク省,닥락성,Đắk Lắk,Prowincja Đăk Lăk,Dac Lac,Даклак,Dak Lak,Dak Lak,Đắk Lắk,多乐省,1159309225,דאקלאק,Даклак,داک لاک صوبہ,استان داک لاک,多樂省,,,,,,,,,,,,,,,,,,,,,,,,,,,,,,,,,,admin_boundary,state,12.770202744810804,108.24884993182803,2 Đắk Lắk,1.4
3,Admin-1 states provinces,7,VNM-478,478,VN-30,,VN,1,Gia Lai,Gia Lai,,Tỉnh,Province,,VN.GL,,,Nam Trung Bộ,VNM-GLA,23,2,20,5,,,0,-99,7,7,5,4,VM49,,2347733,"Gia Lai, VN, Vietnam",Gia Lai,13.8493,108.156,VNM,VNM,2,Vietnam,Vietnam,VNM,1581088,Tinh Gia Lai,-3715035,"Gia Lai, Tinh",1,,VN.49,South Central Coast,VM57,1,vie,VM49,,8.0,11,8,Q36662,محافظة زا لاي,জিয়া লিয়া,Gia Lai,Gia Lai,Gia Lai,Gia Lai,Γκία Λέι,जिया लाई प्रांत,Gia Lai,Gia Lai,Gia Lai,ザライ省,잘라이성,Gia Lai,Prowincja Gia Lai,Gia Lai,Зялай,Gia Lai,Gia Lai,Gia Lai,嘉莱省,1159309227,יה לאי,Зялай,گیا لائی صوبہ,استان گیا لای,嘉萊省,,,,,,,,,,,,,,,,,,,,,,,,,,,,,,,,,,admin_boundary,state,13.818420416818782,108.1560390595844,3 Gia Lai,2.4
4,Admin-1 states provinces,7,VNM-484,484,VN-58,,VN,1,Bình Phước,Binh Phuoc,,Tỉnh,Province,,VN.BP,,,Đông Nam Bộ,VNM-SBE,20,2,20,5,,BP,0,-99,7,10,5,4,VM76,,20070086,"Bin Phuoc, VN, Vietnam",Bình Phước,11.6805,106.897,VNM,VNM,2,Vietnam,Vietnam,VNM,1905480,Tinh Binh Phuoc,409916,"Binh Phuoc, Tinh",1,,VN.76,,,1,fas,VM76,,8.0,11,8,Q36672,محافظة بنه فوك,বিন পো,Bình Phước,Bình Phước,Bình Phước,Bình Phước,Μπινχ Φουόκ,बिन्ह फु'ओक प्रांत,Bình Phước,Binh Phuoc,Binh Phuoc,ビンフオック省,빈프억성,Bình Phước,Prowincja Bình Phước,Binh Phuoc,Биньфыок,Binh Phuoc,Bình Phước,Bình Phước,平福省,1159308301,בין פייק,Біньфиок,بنہ فووک صوبہ,استان بین فوک,平福省,,,,,,,,,,,,,,,,,,,,,,,,,,,,,,,,,,admin_boundary,state,11.748330789228111,106.9069730954538,4 Bình Phước,2.86
5,Admin-1 states provinces,7,VNM-444,444,VN-37,,VN,1,Tây Ninh,Tay Ninh,,Tỉnh,Province,,VN.TN,,,Đông Nam Bộ,VNM-TNI,21,2,20,5,,TN,0,-99,7,8,5,4,VM33,,2347714,"Tay Ninh, VN, Vietnam",Tây Ninh,11.4121,106.14,VNM,VNM,2,Vietnam,Vietnam,VNM,1566557,Tinh Tay Ninh,-3729603,"Tay Ninh, Tinh",1,,VN.33,,VM33,1,eng,VM33,,8.7,11,8,Q36608,محافظة تاي ننه,তায় নিহ্ন,Tây Ninh,Tây Ninh,Tây Ninh,Tây Ninh,Τάι Νινχ,ताय निन्ह,Tây Ninh,Tay Ninh,Tay Ninh,タイニン省,떠이닌성,Tây Ninh,Prowincja Tây Ninh,Tay Ninh,Тэйнинь,Tay Ninh,Tây Ninh,Tây Ninh,西宁省,1159308319,טאי נין,Тейнінь,تاے ننہ صوبہ,استان تای نینها,西寧省,,,,,,,,,,,,,,,,,,,,,,,,,,,,,,,,,,admin_boundary,state,11.365611880614937,106.14019311237364,5 Tây Ninh,0.87
6,Admin-1 states provinces,7,VNM-503,503,VN-41,,VN,1,Long An,Long An,,Tỉnh,Province,,VN.LA,,,đồng bằng sông Cửu Long,VNM-LAN,31,2,20,5,,LA,0,-99,7,7,5,4,VM24,,2347710,"Long An, VN, Vietnam",Long An,10.6869,106.134,VNM,VNM,2,Vietnam,Vietnam,VNM,1575788,Tinh Long An,-3720349,"Long An, Tinh",1,,VN.24,,VM24,1,eng,VM24,,8.7,11,8,Q26573,محافظة لونغ أن,লং আন,Long An,Long An,Long An,Long An,Λονγκ Άν,लॉन्ग एन,Long An,Long An,Long An,ロンアン省,롱안성,Long An,Prowincja Long An,Long An,Лонган,Long An,Long An,Long An,隆安省,1159308385,לאונגם אנג,Лонган,لونگ آن صوبہ,استان لونگ آن,隆安省,,,,,,,,,,,,,,,,,,,,,,,,,,,,,,,,,,admin_boundary,state,10.719190985525556,106.13383655129704,6 Long An,0.81
7,Admin-1 states provinces,7,VNM-500,500,VN-45,,VN,1,Đồng Tháp,Dong Thap,,Tỉnh,Province,,VN.DT,,,đồng bằng sông Cửu Long,VNM-DTH,13,2,20,5,,DT,0,-99,7,9,5,4,VM09,,2347722,"Dong Thap, VN, Vietnam",Ð?ng Tháp,10.6644,105.586,VNM,VNM,2,Vietnam,Vietnam,VNM,1582562,Tinh Dong Thap,-3713559,"Dong Thap, Tinh",1,,VN.09,,VM46,1,vie,VM09,,8.7,11,8,Q36676,محافظة دون تاب,দোং থাপ প্রদেশ,Đồng Tháp,Đồng Tháp,Đồng Tháp,Đồng Tháp,Ντονγκ Θαπ,दांग थाप प्रांत,Ðong Tháp,Dong Thap,Dong Thap,ドンタップ省,동탑성,Đồng Tháp,Prowincja Đồng Tháp,Dong Thap,Донгтхап,Dong Thap,Đồng Tháp,Đồng Tháp,同塔省,1159308381,דאונגם טהאפ,Донгтхап,دونگ تھاپ صوبہ,استان دونگ تاپ,同塔省,,,,,,,,,,,,,,,,,,,,,,,,,,,,,,,,,,admin_boundary,state,10.650100975401337,105.59952675966628,7 Đồng Tháp,0.79
8,Admin-1 states provinces,7,VNM-498,498,VN-44,,VN,1,An Giang,An Giang,,Tỉnh,Province,,VN.AG,,,đồng bằng sông Cửu Long,VNM-AGI,14,2,20,5,,AG,0,-99,7,8,5,4,VM01,,2347719,"An Giang, VN, Vietnam",An Giang,10.5736,105.154,VNM,VNM,2,Vietnam,Vietnam,VNM,1594446,Tinh An Giang,-3701657,"An Giang, Tinh",1,,VN.01,,VM43,1,vie,VM01,,8.7,11,8,Q36592,محافظة أن زانغ,আন জাং,An Giang,An Giang,An Giang,An Giang,Αν Γκιάνγκ,एन गियांग,An Giang,An Giang,An Giang,アンザン省,안장성,An Giang,Prowincja An Giang,An Giang,Анзянг,An Giang,An Giang,An Giang,安江省,1159308377,אנג יאנג,Анзянг,آن گیانگ صوبہ,استان ان گینگ,安江省,,,,,,,,,,,,,,,,,,,,,,,,,,,,,,,,,,admin_boundary,state,10.518931328101631,105.18373464026668,8 An Giang,0.51
9,Admin-1 states provinces,7,VNM-502,502,VN-47,,VN,1,Kiên Giang,Kien Giang,,Tỉnh,Province,,VN.KG,,,đồng bằng sông Cửu Long,VNM-KGI,6,2,20,5,,KG,0,-99,7,10,5,4,VM21,,2347723,"Kien Giang, VN, Vietnam",Kiên Giang,9.85962,105.284,VNM,VNM,2,Vietnam,Vietnam,VNM,1579008,Tinh Kien Giang,-3717124,"Kien Giang, Tinh",1,,VN.21,,VM47,1,eng,VM21,,8.0,11,8,Q36576,محافظة كن زانغ,কিয়েন গিয়াং,Kiên Giang,Kiên Giang,Kiên Giang,Kiên Giang,Κιέν Γκιάνγκ,कीन गियांग,Kiên Giang,Kien Giang,Kien Giang,キエンザン省,끼엔장성,Kiên Giang,Prowincja Kiên Giang,Kien Giang,Кьензянг,Kien Giang,Kien Giang,Kiên Giang,坚江省,1159308383,קיינג יאנג,Кьєнзянг,کیئن گیانگ صوبہ,استان کین گیانگ,堅江省,,,,,,,,,,,,,,,,,,,,,,,,,,,,,,,,,,admin_boundary,state,9.970429124417974,105.0523405269324,9 Kiên Giang,1.3
10,Admin-1 states provinces,7,VNM-450,450,VN-71,,VN,1,Điện Biên,Dien Bien,,Tỉnh,Province,,VN.DB,,,Tây Bắc,VNM-LCH,57,2,20,5,,DB,0,-99,7,10,5,4,VM92,,28301718,"Dien Bien, VN, Vietnam",Điện Biên,21.7487,103.226,VNM,VNM,2,Vietnam,Vietnam,VNM,1905099,Huyen Dien Bien,11412980,"Â¿ien Bien, Tinh",1,,VN.92,,,1,vie,VM92,,8.0,11,8,Q36955,محافظة دين بين,দিয়েন বিয়েন,Điện Biên,Điện Biên,Điện Biên,Điện Biên,Ντιέν Μπιέν,दिएन बिएन प्रांत,Điện Biên,Dien Bien,Dien Bien,ディエンビエン省,디엔비엔성,Điện Biên,Prowincja Điện Biên,Dien Bien,Дьенбьен,Dien Bien,Dien Bien,Điện Biên,奠边省,1159308321,דיאן ביאן,Дьєнб'єн,دیئن بیئن صوبہ,استان دینبین,奠邊省,,,,,,,,,,,,,,,,,,,,,,,,,,,,,,,,,,admin_boundary,state,21.78725210546423,102.96635569002729,10 Điện Biên,3.59
11,Admin-1 states provinces,7,VNM-455,455,VN-05,,VN,1,Sơn La,Son La,,Tỉnh,Province,,VN.SL,,,Tây Bắc,VNM-SLA,58,2,20,5,,,0,7,7,6,5,4,VM32,,2347713,"Son La, VN, Vietnam",Son La,21.3011,104.159,VNM,VNM,2,Vietnam,Vietnam,VNM,1567643,Tinh Son La,-3728516,"Son La, Tinh",1,,VN.32,North West,VM32,1,eng,VM32,,8.0,11,8,Q33379,محافظة سون لا,সন লা,Sơn La,Sơn La,Sơn La,Sơn La,Σον Λα,सॉन ला,Son La,Son La,Son La,ソンラ省,선라성,Sơn La,Prowincja Sơn La,Son La,Шонла,Son La,Son la,Sơn La,山罗省,1159308331,סן לה,Шонла,سون لا صوبہ,استان سون لا,山羅省,,,,,,,,,,,,,,,,,,,,,,,,,,,,,,,,,,admin_boundary,state,21.30805369762004,103.9581303246547,11 Sơn La,2.0
12,Admin-1 states provinces,7,VNM-456,456,VN-21,,VN,1,Thanh Hóa,Thanh Hoa,,Tỉnh,Province,,VN.TH,,,Bắc Trung Bộ,VNM-THO,55,2,20,5,,TH,0,-99,7,9,5,4,VM34,,2347715,"Thanh Hoa, VN, Vietnam",Thanh Hóa,20.0917,105.215,VNM,VNM,2,Vietnam,Vietnam,VNM,1566165,Tinh Thanh Hoa,-3729996,"Thanh Hoa, Tinh",1,,VN.34,,VM34,1,eng,VM34,,8.0,11,8,Q36512,محافظة تان هوا,থাহ্ন হোয়া,Thanh Hóa,Thanh Hóa,Thanh Hóa,Thanh Hóa,Θανχ Χόα,थांह होआ,Thanh Hóa,Thanh Hoa,Thanh Hoa,タインホア省,타인호아성,Thanh Hóa,Prowincja Thanh Hóa,Thanh Hoa,Тханьхоа,Thanh Hoa,Thanh Hóa,Thanh Hóa,清化省,1159308335,טהאינג הואה,Тханьхоа,تھان ہوا صوبہ,تان هوا,清化省,,,,,,,,,,,,,,,,,,,,,,,,,,,,,,,,,,admin_boundary,state,20.04918169625316,105.33159664283178,12 Thanh Hóa,-0.18
13,Admin-1 states provinces,7,VNM-475,475,VN-22,,VN,1,Nghệ An,Nghe An,,Tỉnh,Province,,VN.NA,,,Bắc Trung Bộ,VNM-NAN,54,2,20,5,,,0,-99,7,7,5,4,VM58,,2347742,"Nghe An, VN, Vietnam",Nghệ An,19.3548,104.827,VNM,VNM,2,Vietnam,Vietnam,VNM,1559969,Tinh Nghe An,-3736202,"Nghe An, Tinh",1,,VN.58,,VM66,1,eng,VM58,,8.0,11,8,Q36587,محافظة ني أن,নেহেয়ান,Nghệ An,Nghệ An,Nghệ An,Nghệ An,Νγκχε Αν,नाघिए एन,Nghệ An,Nghệ An,Nghe An,ゲアン省,응에안성,Nghệ An,Prowincja Nghệ An,Nghe An,Нгеан,Nghe An,Nghe An,Nghệ An,乂安省,1159308371,נגה אן,Нгеан,نگہ آن صوبہ,استان نه آن,乂安省,,,,,,,,,,,,,,,,,,,,,,,,,,,,,,,,,,admin_boundary,state,19.238706617668917,104.9315470219738,13 Nghệ An,0.19
14,Admin-1 states provinces,7,VNM-474,474,VN-23,,VN,1,Hà Tĩnh,Ha Tinh,,Tỉnh,Province,,VN.HT,,,Bắc Trung Bộ,VNM-HTN,56,2,20,5,,,0,7,7,7,5,4,VM52,,2347736,"Ha Tinh, VN, Vietnam",Ha Tinh,18.3563,105.799,VNM,VNM,2,Vietnam,Vietnam,VNM,1580700,Tinh Ha Tinh,-3715425,"Ha Tinh, Tinh",1,,VN.52,North Central Coast,VM60,1,vie,VM52,,8.0,11,8,Q33351,محافظة ها تنه,হা তিহ্ন,Hà Tĩnh,Hà Tĩnh,Hà Tĩnh,Hà Tĩnh,Χα Τινχ,हे तिन्ह,Ha Tinh,Ha Tinh,Ha Tinh,ハティン省,하띤성,Hà Tĩnh,Prowincja Hà Tĩnh,Ha Tinh,Хатинь,Ha Tinh,Hà Tĩnh,Hà Tĩnh,河静省,1159308367,הא טינג,Хатінь,صوبہ ہاتنہ,استان ها تین,河靜省,,,,,,,,,,,,,,,,,,,,,,,,,,,,,,,,,,admin_boundary,state,18.28829210983268,105.72274111372197,14 Hà Tĩnh,-0.35
15,Admin-1 states provinces,7,VNM-476,476,VN-24,,VN,1,Quảng Bình,Quang Binh,,Tỉnh,Province,,VN.QB,,,Bắc Trung Bộ,VNM-QBN,33,2,20,5,,QB,0,-99,7,10,5,4,VM62,,2347746,"Quang Binh, VN, Vietnam",Quảng Bình,17.4691,106.357,VNM,VNM,2,Vietnam,Vietnam,VNM,1568839,Tinh Quang Binh,-3727314,"Quang Binh, Tinh",1,,VN.62,,VM70,1,eng,VM62,,8.0,11,8,Q23533,محافظة كوانغ بنه,কুয়াং বিন প্রদেশ,Quảng Bình,Quảng Bình,Quảng Bình,Quảng Bình,Κουάνγκ Μπινχ,कैंग बिन्ह,Quang Binh,Quang Binh,Quang Binh,クアンビン省,꽝빈성,Quảng Bình,Prowincja Quảng Bình,Quang Binh,Куангбинь,Quang Binh,Quảng Bình,Quảng Bình,广平省,1159308373,קוואנג בין,Куангбінь,صوبہ کوانگ بن,استان کوانگبن,廣平省,,,,,,,,,,,,,,,,,,,,,,,,,,,,,,,,,,admin_boundary,state,17.510710828192146,106.30082563950006,15 Quảng Bình,0.64
16,Admin-1 states provinces,7,VNM-489,489,VN-25,,VN,1,Quảng Trị,Quang Tri,,Tỉnh,Province,,VN.QT,,,Bắc Trung Bộ,VNM-QTR,25,2,20,5,,QT,0,-99,7,9,5,4,VM64,,2347747,"Quang Tri, VN, Vietnam",Quảng Trị,16.7204,106.973,VNM,VNM,2,Vietnam,Vietnam,VNM,1568733,Tinh Quang Tri,-3727420,"Quang Tri, Tinh",1,,VN.64,,VM72,1,eng,VM64,,8.0,11,8,Q36579,محافظة كوانغ تشي,কুয়াং ত্রি,Quảng Trị,Quảng Trị,Quảng Trị,Quảng Trị,Κουάνγκ Τρι,क्वांग ट्राय,Quảng Trị,Quang Tri,Quang Tri,クアンチ省,꽝찌성,Quảng Trị,Prowincja Quảng Trị,Quang Tri,Куангчи,Quang Tri,Quảng Trị,Quảng Trị,广治省,1159308311,קואנג צ'י,Куангчі,قوانگ تری صوبہ,استان کوانگ تری,廣治省,,,,,,,,,,,,,,,,,,,,,,,,,,,,,,,,,,admin_boundary,state,16.73548849579396,106.93275605442712,16 Quảng Trị,0.29
17,Admin-1 states provinces,7,VNM-490,490,VN-26,,VN,1,Thừa Thiên Huế,Thua Thien - Hue,,Tỉnh,Province,,VN.TT,,,Bắc Trung Bộ,VNM-TTH,17,2,20,5,,TT,0,-99,7,16,5,4,VM66,,2347749,"Thura Thien-Hue, VN, Vietnam",Thừa Thiên - Huế,16.312,107.634,VNM,VNM,2,Vietnam,Vietnam,VNM,1565033,Tinh Thua Thien-Hue,-3731128,"Thua Thien-Hue, Tinh",1,,VN.66,,VM74,1,eng,VM66,,8.0,11,8,Q36399,محافظة تهوا تهين هويه,থুুয়া থিয়েন-হু,Thừa Thiên-Huế,Thừa Thiên Huế,Thừa Thiên-Huế,Thừa Thiên-Huế,Θούα Θιέν-Χουέ,थुरा थिएन-हुअए,Thừa Thiên-Huế,Thua Thien-Hue,Thua Thien-Hue,トゥアティエン＝フエ省,트어티엔후에성,Thừa Thiên-Huế,Prowincja Thừa Thiên-Huế,Thua Thien-Hue,Тхыатхьен-Хюэ,Thua Thien-Hué,Thừa Thiên - Huế,Thừa Thiên Huế,承天顺化省,1159308313,טהיאה טהיין-הואה,Тхиатхьєн-Хюе,تھوا تھیئن-ہوائے صوبہ,استان توا تین–هوئه,承天順化省,,,,,,,,,,,,,,,,,,,,,,,,,,,,,,,,,,admin_boundary,state,16.38204417568471,107.43062625568363,17 Thừa Thiên Huế,0.4
18,Admin-1 states provinces,7,VNM-487,487,VN-27,,VN,1,Quảng Nam,Quang Nam,,Tỉnh,Province,,VN.QM,,,,VNM-QND,18,2,20,5,,DA,0,-99,7,9,5,4,,,2347711,"Quang Nam, VN, Vietnam",Quàng Nam,15.6535,107.955,VNM,VNM,2,Vietnam,Vietnam,VNM,1905516,Tinh Quang Nam,410147,"Quang Nam,Tinh",1,,VN.84,,,1,fas,VM84,,8.0,11,8,Q33356,محافظة كوانغ نام,কুয়াং নাম,Quảng Nam,Quảng Nam,Quảng Nam,Quảng Nam,Κουάνγκ Ναμ,कैंग नाम,Quàng Nam,Quang Nam,Quang Nam,クアンナム省,꽝남성,Quảng Nam,Prowincja Quảng Nam,Quang Nam,Куангнам,Quang Nam,Quang Nam,Quảng Nam,广南省,1159308307,קוונג נאם,Куангнам,قوانگ نام صوبہ,استان کوانگ نام,廣南省,,,,,,,,,,,,,,,,,,,,,,,,,,,,,,,,,,admin_boundary,state,15.622363954566833,107.94301210739071,18 Quảng Nam,0.31
19,Admin-1 states provinces,7,VNM-512,512,VN-03,,VN,1,Hà Giang,Ha Giang,,Tỉnh,Province,,VN.HG,,,Đông Bắc,VNM-HGN,51,2,20,5,,HG,0,-99,7,8,5,4,VM50,,2347734,"Ha Giang, VN, Vietnam",Hà Giang,22.7655,104.965,VNM,VNM,2,Vietnam,Vietnam,VNM,1581030,Tinh Ha Giang,-3715093,"Ha Giang, Tinh",1,,VN.50,,VM58,1,vie,VM50,,8.0,11,8,Q36685,محافظة ها زانغ,হা জিয়াং,Hà Giang,Hà Giang,Hà Giang,Hà Giang,Χα Γκιάνγκ,हा जियांग,Hà Giang,Ha Giang,Ha Giang,ハザン省,하장성,Hà Giang,Prowincja Hà Giang,Ha Giang,Хазянг,Ha Giang,Ha Giang,Hà Giang,河江省,1159308401,הא זאנג,Хазянг,ہا گیانگ صوبہ,استان ها گیانگ,河江省,,,,,,,,,,,,,,,,,,,,,,,,,,,,,,,,,,admin_boundary,state,22.759475776709007,104.98463499839735,19 Hà Giang,1.9
20,Admin-1 states provinces,7,VNM-511,511,VN-04,,VN,1,Cao Bằng,Cao Bang,,Tỉnh,Province,,VN.CB,,,Đông Bắc,VNM-CBA,59,2,20,5,,CB,0,-99,7,8,5,4,VM05,,2347704,"Cao Bang, VN, Vietnam",Cao Bằng,22.7595,106.047,VNM,VNM,2,Vietnam,Vietnam,VNM,1586182,Tinh Cao Bang,-3709931,"Cao Bang, Tinh",1,,VN.05,,VM05,1,vie,VM05,,8.0,11,8,Q36865,محافظة كاو بانغ,কাও ব্যাং,Cao Bằng,Cao Bằng,Cao Bằng,Cao Bằng,Κάο Μπάνγκ,केओ बैंग,Cao Bằng,Cao Bang,Cao Bang,カオバン省,까오방성,Cao Bằng,Prowincja Cao Bằng,Cao Bang,Каобанг,Cao Bang,Cao Bằng ili,Cao Bằng,高平省,1159308399,קאו באנג,Каобанг,کاؤ بانگ صوبہ,استان کائو بانگ,高平省,,,,,,,,,,,,,,,,,,,,,,,,,,,,,,,,,,admin_boundary,state,22.73725586606534,106.04733056320887,20 Cao Bằng,0.43
21,Admin-1 states provinces,7,VNM-5483,5483,VN-02,,VN,1,Lào Cai,Lao Cai,,Tỉnh,Province,,VN.LO,,,Đông Bắc,VNM-LCA,52,2,20,5,,LO,0,-99,7,7,5,4,VM90,,2347740,"Lao Cai, VN, Vietnam",Lào Cai,22.3559,104.096,VNM,VNM,2,Vietnam,Vietnam,VNM,1562412,Tinh Lao Cai,-3733752,"Lao Cai, Tinh",1,,VN.90,,VM64,1,eng,VM90,,8.0,11,8,Q36446,محافظة لاو كاي,লাও কায়,Lào Cai,Lào Cai,Lào Cai,Lào Cai,Λάο Κάι,लाओ काई प्रांत,Lào Cai,Lao Cai,Lao Cai,ラオカイ省,라오까이성,Lào Cai,Prowincja Lào Cai,Lao Cai,Лаокай,Lao Cai,Lào Cai,Lào Cai,老街省,1159308327,לאו קאי,Лаокай,لاو کائے صوبہ,استان لائو کای,老街省,,,,,,,,,,,,,,,,,,,,,,,,,,,,,,,,,,admin_boundary,state,22.260993351492147,104.09639021510608,21 Lào Cai,1.29
22,Admin-1 states provinces,7,VNM-453,453,VN-01,http://en.wikipedia.org/wiki/Lai_Chau_Province,VN,1,Lai Châu,Lai Chau,,Tỉnh,Province,,VN.LI,,,Đông Bắc,VNM-LCA,52,2,20,5,,LI,0,-99,7,8,5,4,VM89,,2347708,"Lai Chau, VN, Vietnam",Lai Chau,22.3502,103.255,VNM,VNM,2,Vietnam,Vietnam,VNM,1577954,Tinh Lai Chau,-3718181,"Lai Chau, Tinh",1,,VN.89,,VM64,1,eng,VM89,,8.0,11,8,Q36409,محافظة لا تشاو,লাই চাউ প্রদেশ,Lai Châu,Lai Châu,Lai Châu,Lai Châu,Λάι Τσάου,लाइ चाउ प्रांत,Lai Chau,Lai Chau,Lai Chau,ライチャウ省,라이쩌우성,Lai Châu,Prowincja Lai Châu,Lai Chau,Лайтяу,Lai Chau,Lai Chau,Lai Châu,莱州省,1159315897,לאי צ'או,Лайтяу,لائی چاو صوبہ,استان لای چو,萊州省,,,,,,,,,,,,,,,,,,,,,,,,,,,,,,,,,,admin_boundary,state,22.3944735030395,103.1741736062358,22 Lai Châu,1.53
23,Admin-1 states provinces,7,VNM-454,454,VN-09,,VN,1,Lạng Sơn,Lang Son,,Tỉnh,Province,,VN.LS,,,Đông Bắc,VNM-LSO,53,2,20,5,,LS,0,-99,7,8,5,4,VM39,,2347718,"Lang Son, VN, Vietnam",Lạng Sơn,21.7826,106.724,VNM,VNM,2,Vietnam,Vietnam,VNM,1576632,Tinh Lang Son,-3719503,"Lang Son, Tinh",1,,VN.39,,VM39,1,eng,VM39,,8.0,11,8,Q33403,محافظة لانغ سون,ল্যাং সন,Lạng Sơn,Lạng Sơn,Lạng Sơn,Lạng Sơn,Λανγκ Σον,लांग सोन,Lạng Sơn,Lang Son,Lang Son,ランソン省,랑선성,Lạng Sơn,Prowincja Lạng Sơn,Lang Son,Лангшон,Lang Son,Lang Son,Lạng Sơn,谅山省,1159308329,לאנג סן,Лангшон,لانگ سون صوبہ,استان لانگ سون,諒山省,,,,,,,,,,,,,,,,,,,,,,,,,,,,,,,,,,admin_boundary,state,21.83711623644207,106.60959209952723,23 Lạng Sơn,0.49
24,Admin-1 states provinces,7,VNM-429,429,VN-13,,VN,5,Quảng Ninh,Quang Ninh,,Tỉnh,Province,,VN.QN,,,Đông Bắc,VNM-QNI,3,2,20,5,,QN,0,-99,7,10,5,4,VM30,,2347712,"Quang Ninh, VN, Vietnam",Quảng Ninh,21.223,107.181,VNM,VNM,2,Vietnam,Vietnam,VNM,1568758,Tinh Quang Ninh,-3727395,"Quang Ninh, Tinh",1,,VN.30,,VM30,1,eng,VM30,,8.0,11,8,Q33396,محافظة كوانغ ننه,কুয়াং নিন,Quảng Ninh,Quảng Ninh,Quảng Ninh,Quảng Ninh,Κουάνγκ Νινχ,क्वैंग निन्ह,Quảng Ninh,Quang Ninh,Quang Ninh,クアンニン省,꽝닌성,Quảng Ninh,Prowincja Quảng Ninh,Quang Ninh,Куангнинь,Quang Ninh,Quang Ninh,Quảng Ninh,广宁省,1159308275,קואנג נינג,Куангнінь,قوانگ ننہ صوبہ,استان کوانگ نین,廣寧省,,,,,,,,,,,,,,,,,,,,,,,,,,,,,,,,,,admin_boundary,state,21.27046560000006,107.21529788547176,24 Quảng Ninh,1.33
25,Admin-1 states provinces,7,VNM-508,508,VN-52,,VN,5,Sóc Trăng,Soc Trang,,Tỉnh,Province,,VN.ST,,,đồng bằng sông Cửu Long,VNM-STR,10,2,20,5,,ST,0,-99,7,9,5,4,VM65,,2347748,"Soc Trang, VN, Vietnam",Sóc Trăng,9.5614,105.9,VNM,VNM,2,Vietnam,Vietnam,VNM,1559972,Tinh Soc Trang,-3736199,"Soc Trang, Tinh",1,,VN.65,,VM73,1,eng,VM65,,8.7,11,8,Q33272,محافظة سوك تشانغ,সখ তাং,Sóc Trăng,Sóc Trăng,Sóc Trăng,Sóc Trăng,Σοκ Τρανγκ,सोक ट्रांग,Sóc Trăng,Soc Trang,Soc Trang,ソクチャン省,속짱성,Sóc Trăng,Prowincja Sóc Trăng,Soc Trang,Шокчанг,Soc Trang,Soc Trang,Sóc Trăng,朔庄省,1159308017,שאוקפ צ'אנג,Шокчанг,سوک ترانگ صوبہ,استان سوک ترانگ,朔莊省,,,,,,,,,,,,,,,,,,,,,,,,,,,,,,,,,,admin_boundary,state,9.546448248242976,105.90685183672196,25 Sóc Trăng,0.7
26,Admin-1 states provinces,7,VNM-4834,4834,VN-46,http://en.wikipedia.org/wiki/Tien_Giang_Province,VN,5,Tiền Giang,Tien Giang,,Tỉnh,Province,,VN.TG,,,đồng bằng sông Cửu Long,VNM-TGI,5,2,20,5,,TG,0,-99,7,10,5,4,VM37,,2347717,"Tien Giang, VN, Vietnam",Tien Giang,10.4581,106.217,VNM,VNM,2,Vietnam,Vietnam,VNM,1564676,Tinh Tien Giang,-3731485,"Tien Giang, Tinh",1,,VN.37,,,1,eng,VM37,,8.7,11,8,Q36666,محافظة تين زانغ,তিয়েন গিয়াং,Tiền Giang,Tiền Giang,Tiền Giang,Tiền Giang,Τιέν Γκιάνγκ,तिएन जीआंग,Tiền Giang,Tien Giang,Tien Giang,ティエンザン省,띠엔장성,Tiền Giang,Prowincja Tiền Giang,Tien Giang,Тьензянг,Tien Giang,Tiền Giang,Tiền Giang,前江省,1159315891,טיין יאנג,Тьєнзянг,تیئن گیانگ صوبہ,استان تین گیانگ,前江省,,,,,,,,,,,,,,,,,,,,,,,,,,,,,,,,,,admin_boundary,state,10.4103448039335,106.28594992275852,26 Tiền Giang,0.45
27,Admin-1 states provinces,7,VNM-495,495,VN-43,,VN,5,Bà Rịa - Vũng Tàu,Ba Ria - VTau|Ba Ria-Vung Tau,,Tỉnh,Province,,VN.BV,,,Đông Nam Bộ,VNM-BRV,24,2,20,5,,BV,0,-99,7,17,5,4,VM45,,2347729,"Ba Ria-Vung Tau, VN, Vietnam",Bà Rịa - Vũng Tàu,10.3969,107.143,VNM,VNM,2,Vietnam,Vietnam,VNM,1584534,Tinh Ba Ria-Vung Tau,-3711581,"Ba Ria-Vung Tau, Tinh",1,,VN.45,,,1,vie,VM45,,8.7,11,8,Q36874,محافظة با ريا فنغ تاو,বা রিয়া ভুং তাও,Bà Rịa-Vũng Tàu,Bà Rịa-Vũng Tàu,Bà Rịa-Vũng Tàu,Bà Rịa-Vũng Tàu,Μπα Ρία-Βούνγκ Τάου,बा रिया-वुंग तौ,Bà Rịa-Vũng Tàu,Bà Rịa–Vũng Tàu,Ba Ria-Vung Tau,バリア＝ブンタウ省,바리어붕따우성,Bà Rịa-Vũng Tàu,Prowincja Bà Rịa-Vũng Tàu,Ba Ria-Vung Tau,Бариа-Вунгтау,Ba Ria-Vung Tau,Bà Rịa-Vũng Tàu,Bà Rịa - Vũng Tàu,巴地头顿省,1159308029,בה ריה - וונג טאו,Барія-Вунгтау,با ریا-وؤنگ تاو صوبہ,استان با ریا-وونگ تائو,巴地頭頓省,,,,,,,,,,,,,,,,,,,,,,,,,,,,,,,,,,admin_boundary,state,10.5899984804621,107.22291690346208,27 Bà Rịa-Vũng Tàu,2.16
28,Admin-1 states provinces,7,VNM-501,501,VN-SG,,VN,5,TP.Hồ Chí Minh,Ho Chi Minh City|Ho Chi Minh,,Thành phố TW,Central City,,VN.HC,,,Đông Nam Bộ,VNM-HCM,32,2,20,5,,HC,0,-99,7,16,5,4,VM20,,2347728,"Ho Chi Minh, VN, Vietnam",Hồ Chí Minh city,10.409,106.926,VNM,VNM,2,Vietnam,Vietnam,VNM,1580578,Thanh pho Ho Chi Minh,-3715547,"Ho Chi Minh, Thanh Pho",1,,VN.20,,VM52,1,vie,VM20,,8.7,11,8,Q1854,مدينة هو تشي منه,হো চি মিন সিটি,Ho-Chi-Minh-Stadt,Ho Chi Minh,Ciudad Ho Chi Minh,Hô Chi Minh-Ville,Χο Τσι Μινχ,हो ची मिन्ह शहर,Ho Si Minh-város,Kota Hồ Chí Minh,Ho Chi Minh,ホーチミン市,호찌민시,Ho Chi Minhstad,Ho Chi Minh,Cidade de Ho Chi Minh,Хошимин,Ho Chi Minh-staden,Ho Chi Minh Kenti,Thành phố Hồ Chí Minh,胡志明市,1159308033,הו צ'י מין סיטי,Хошимін,ہو چی من,هوشیمین,胡志明市,,,,,,,,,,,,,,,,,,,,,,,,,,,,,,,,,,admin_boundary,state,10.845634547096251,106.63919253828472,28 Ho Chi Minh,3.71
29,Admin-1 states provinces,7,VNM-479,479,VN-34,,VN,4,Khánh Hòa,Khanh Hoa,,Tỉnh,Province,,VN.KH,,,Nam Trung Bộ,VNM-KHO,2,2,20,5,,KH,0,-99,7,9,5,4,VM54,,2347738,"Khanh Hoa, VN, Vietnam",Khánh Hòa,12.6049,109.359,VNM,VNM,2,Vietnam,Vietnam,VNM,1579634,Tinh Khanh Hoa,-3716498,"Khanh Hoa, Tinh",1,,VN.54,,VM62,1,eng,VM54,,8.0,11,8,Q33369,محافظة كان هوا,খান হোয়া,Khánh Hòa,Khánh Hòa,Khánh Hòa,Khánh Hòa,Κανχ Χόα,खांह हो,Khánh Hòa,Khanh Hoa,Khanh Hoa,カインホア省,카인호아성,Khánh Hòa,Prowincja Khánh Hòa,Khanh Hoa,Кханьхоа,Khanh Hoa,Khanh Hoa,Khánh Hòa,庆和省,1159308127,חאן הואה,Кханьхоа,خانھ ہوا صوبہ,استان خانح هوآ,慶和省,,,,,,,,,,,,,,,,,,,,,,,,,,,,,,,,,,admin_boundary,state,12.342641085347694,109.03444988286228,29 Khánh Hòa,0.99
30,Admin-1 states provinces,7,VNM-507,507,VN-59,,VN,1,Cà Mau,Ca Mau,,Tỉnh,Province,,VN.CM,,,đồng bằng sông Cửu Long,VNM-MHA,16,2,20,5,,CM,0,-99,7,6,5,4,VM77,,20070082,"Ca Mau, VN, Vietnam",Cà Mau,9.05545,105.073,VNM,VNM,2,Vietnam,Vietnam,VNM,1905678,Tinh Ca Mau,411239,"Ca Mau, Tinh",1,,VN.77,,,1,fas,VM77,,8.0,11,8,Q33354,محافظة كا ماو,ক্যা মাউ,Cà Mau,Cà Mau,Cà Mau,Cà Mau,Κα Μάου,का माउ प्रांत,Cà Mau,Ca Mau,Ca Mau,カマウ省,까마우성,Cà Mau,Prowincja Cà Mau,Cà Mau,Камау,Ca Mau,Ca Mau,Cà Mau,金瓯省,1159308393,קה מאו,Камау,کآ ماو صوبہ,ایالت کا مائو,金甌省,,,,,,,,,,,,,,,,,,,,,,,,,,,,,,,,,,admin_boundary,state,9.050006199878888,105.07313073050004,30 Cà Mau,0.72
31,Admin-1 states provinces,7,VNM-506,506,VN-55,,VN,1,Bạc Liêu,Bac Lieu,,Tỉnh,Province,,VN.BL,,,đồng bằng sông Cửu Long,VNM-MHA,12,2,20,5,,BL,0,-99,7,8,5,4,VM73,,20070081,"Bac Lieu, VN, Vietnam",Bạc Liêu,9.33941,105.573,VNM,VNM,2,Vietnam,Vietnam,VNM,1905675,Tinh Bac Lieu,411229,"Bac Lieu, Tinh",1,,VN.73,,,1,fas,VM73,,8.7,11,8,Q36658,محافظة باك ليو,বাক লিও,Bạc Liêu,Bạc Liêu,Bạc Liêu,Bạc Liêu,Μπακ Λιέου,बैक लिऊ,Bạc Liêu,Bac Lieu,Bac Lieu,バクリエウ省,박리에우성,Bạc Liêu,Prowincja Bạc Liêu,Bac Lieu,Бакльеу,Bac Lieu,Bac Lieu,Bạc Liêu,薄寮省,1159308391,בק ליאו,Бакльєу,باک لیئو صوبہ,استان باک لیئو,薄寮省,,,,,,,,,,,,,,,,,,,,,,,,,,,,,,,,,,admin_boundary,state,9.326484584828664,105.50818558812078,31 Bạc Liêu,1.44
32,Admin-1 states provinces,7,VNM-505,505,VN-73,,VN,1,Hậu Giang,Hau Giang,,Tỉnh,Province,,VN.HU,,,,,27,2,20,5,,,0,-99,7,9,5,4,,,28301720,"Hau Giang, VN, Vietnam",Hau Giang,9.84353,105.663,VNM,VNM,2,Vietnam,Vietnam,VNM,7506719,Hau Giang,11412361,"Hau Giang, Tinh",1,,VN.93,,,1,vie,VM93,,8.7,11,8,Q36320,محافظة هو زانغ,হাু গিয়াং,Hậu Giang,Hậu Giang,Hậu Giang,Hậu Giang,Χο Γκιάνγκ,हाउ जिएंग,Hậu Giang,Hau Giang,Hau Giang,ハウザン省,하우장성,Hậu Giang,Prowincja Hậu Giang,Hau Giang,Хаузянг,Hau Giang,Hau Giang,Hậu Giang,后江省,1159308389,הא זאנג,Хаузянг,ہآو گیانگ صوبہ,استان هائو گیانگ,後江省,,,,,,,,,,,,,,,,,,,,,,,,,,,,,,,,,,admin_boundary,state,9.8478192808109,105.63585330248372,32 Hậu Giang,0.21
33,Admin-1 states provinces,7,VNM-510,510,VN-49,,VN,1,Vĩnh Long,Vinh Long,,Tỉnh,Province,,VN.VL,,,đồng bằng sông Cửu Long,VNM-VLN,29,2,20,5,,VL,0,9,9,9,5,4,VM69,VM69,2347752,"Vinh Long, VN, Vietnam",Vĩnh Long,10.1042,105.969,VNM,VNM,2,Vietnam,Vietnam,VNM,1559977,Tinh Vinh Long,-3736194,"Vinh Long, Tinh",1,,VN.69,,VM77,1,eng,VM69,,8.7,11,8,Q7333405,محافظة فين لونغ,ভিন লং,Vĩnh Long,Vĩnh Long,Vĩnh Long,Vĩnh Long,Βινχ Λονγκ,विन्ह लॉन्ग,Vĩnh Long,Vinh Long,Vinh Long,ヴィンロン省,빈롱성,Vĩnh Long,Prowincja Vĩnh Long,Vinh Long,Виньлонг,Vinh Long,Ving Long,Vĩnh Long,永隆省,1159308397,וין לונג,Віньлонг,وینہ لونگ صوبہ,استان وین لونگ,永隆省,,,,,,,,,,,,,,,,,,,,,,,,,,,,,,,,,,admin_boundary,state,10.099384497410174,105.98966757536608,33 Vĩnh Long,0.14
34,Admin-1 states provinces,7,VNM-509,509,VN-51,,VN,1,Trà Vinh,Tra Vinh,,Tỉnh,Province,,VN.TV,,,đồng bằng sông Cửu Long,VNM-TVN,30,2,20,5,,TV,0,-99,7,8,5,4,VM67,VM67,2347750,"Tra Vinh, VN, Vietnam",Trà Vinh,9.82817,106.289,VNM,VNM,2,Vietnam,Vietnam,VNM,1559975,Tinh Tra Vinh,-3736196,"Tra Vinh, Tinh",1,,VN.67,,VM75,1,eng,VM67,,8.7,11,8,Q36615,محافظة تشا فينه,ত্রা ভিহ্ন,Trà Vinh,Trà Vinh,Trà Vinh,Trà Vinh,Τρα Βινχ,ट्रा विन प्रांत,Trà Vinh,Tra Vinh,Tra Vinh,チャーヴィン省,짜빈성,Trà Vinh,Prowincja Trà Vinh,Tra Vinh,Чавинь,Tra Vinh,Tra Vinh,Trà Vinh,茶荣省,1159308395,טרווינה,Чавінь,ترا وینہ صوبہ,استان ترا وین,茶榮省,,,,,,,,,,,,,,,,,,,,,,,,,,,,,,,,,,admin_boundary,state,9.791590158231408,106.3129508831534,34 Trà Vinh,0.39
35,Admin-1 states provinces,7,VNM-504,504,VN-50,,VN,5,Bến Tre,Ben Tre,,Tỉnh,Province,,VN.BR,,,đồng bằng sông Cửu Long,VNM-TGI,5,2,20,5,,BR,0,-99,7,7,5,4,VM03,,2347703,"Ben Tre, VN, Vietnam",Bến Tre,10.171,106.496,VNM,VNM,2,Vietnam,Vietnam,VNM,1587974,Tinh Ben Tre,-3708138,"Ben Tre, Tinh",1,,VN.03,,,1,vie,VM03,,8.7,11,8,Q33366,محافظة بن تشي,বেন ত্রে,Bến Tre,Bến Tre,Bến Tre,Bến Tre,Μπεν Τρε,बैन ट्रे,Bến Tre,Ben Tre,Ben Tre,ベンチェ省,벤째성,Bến Tre,Prowincja Bến Tre,Ben Tre,Бенче,Ben Tre,Ben Tre,Bến Tre,槟椥省,1159308023,בן צ'ה,Бенче,بئن تر صوبہ,استان بن تر,檳椥省,,,,,,,,,,,,,,,,,,,,,,,,,,,,,,,,,,admin_boundary,state,10.078009344074845,106.3769952732774,35 Bến Tre,-0.34
36,Admin-1 states provinces,7,VNM-497,497,VN-39,,VN,1,Đồng Nai,Dong Nai,,Tỉnh,Province,,VN.DN,,,,VNM-DNA,26,2,20,5,,,0,-99,7,11,5,4,VM43,,2347721,"Dong Nai, VN, Vietnam",Đông Nam Bộ,11.1258,107.178,VNM,VNM,2,Vietnam,Vietnam,VNM,1582720,Tinh Dong Nai,-3713401,"Dong Nai, Tinh",1,,VN.43,,,1,vie,VM43,,8.7,11,8,,دونغ نام بو,দং নাম বো,Đông Nam Bộ,Đông Nam Bộ,Dong Nam Bo,Đông Nam Bộ,Ντονγκ Ναμ Μπο,दोंग नम बो,Đông Nam Bộ,Dong Nam Bo,Regione sud-orientale,東南部,동 남 보,Đông Nam Bộ,Region Południowo-Wschodni,Sudeste,Юго-Восточный Вьетнам,Đông Nam Bộ,Đông Nam Bộ,Đông Nam Bộ,越南东南部,1159308375,דונג נאם בו,Південно-східний В’єтнам,ڈانگ نام بو,دونگ نام بو,越南東南部,,,,,,,,,,,,,,,,,,,,,,,,,,,,,,,,,,admin_boundary,state,11.06335604035459,107.20408496803609,36 Đông Nam Bộ,1.95
37,Admin-1 states provinces,7,VNM-496,496,VN-40,,VN,5,Bình Thuận,Binh Thuan,,Tỉnh,Province,,VN.BU,,,Đông Nam Bộ,VNM-BTN,1,2,20,5,,BU,0,-99,7,10,5,4,VM47,,2347731,"Binh Thuan, VN, Vietnam",Bình Thuận,11.1284,108.232,VNM,VNM,2,Vietnam,Vietnam,VNM,1581882,Tinh Binh Thuan,-3714240,"Binh Thuan, Tinh",1,,VN.47,,VM55,1,vie,VM47,,8.0,11,8,Q36869,محافظة بنه توان,হাবিহ্ন থুয়ান,Bình Thuận,Bình Thuận,Bình Thuận,Bình Thuận,Μπινχ Θουάν,बिन्ह थुआन,Bình Thuận,Binh Thuan,Binh Thuan,ビントゥアン省,빈투언성,Bình Thuận,Prowincja Bình Thuận,Binh Thuan,Биньтхуан,Binh Thuan,Binh Thuan,Bình Thuận,平顺省,1159308035,בין טואן,Біньтхуан,بنہ تھوان صوبہ,استان بین توآن,平順省,,,,,,,,,,,,,,,,,,,,,,,,,,,,,,,,,,admin_boundary,state,11.06876811347837,107.9261966298498,37 Bình Thuận,0.99
38,Admin-1 states provinces,7,VNM-481,481,VN-36,,VN,1,Ninh Thuận,Ninh Thuan,,Tỉnh,Province,,VN.NT,,,Đông Nam Bộ,VNM-NTN,28,2,20,5,,NT,0,-99,7,10,5,4,VM60,,2347744,"Ninh Thuan, VN, Vietnam",Ninh Thuận,11.6242,108.925,VNM,VNM,2,Vietnam,Vietnam,VNM,1559971,Tinh Ninh Thuan,-3736200,"Ninh Thuan, Tinh",1,,VN.60,,VM68,1,eng,VM60,,8.0,11,8,Q36903,محافظة ننه توان,নিহ্ন থুয়ান,Ninh Thuận,Ninh Thuận,Ninh Thuận,Ninh Thuận,Νινχ Θουάν,निन्ह थुआन,Ninh Thuận,Ninh Thuan,Ninh Thuan,ニントゥアン省,닌투언성,Ninh Thuận,Prowincja Ninh Thuận,Ninh Thuan,Ниньтхуан,Ninh Thuan,Ninh Thuận,Ninh Thuận,宁顺省,1159308293,נין טואן,Ніньтхуан,ننہ تھوان صوبہ,استان نین توان,寧順省,,,,,,,,,,,,,,,,,,,,,,,,,,,,,,,,,,admin_boundary,state,11.718609750431131,108.87756151308275,38 Ninh Thuận,0.81
39,Admin-1 states provinces,7,VNM-482,482,VN-32,,VN,1,Phú Yên,Phu Yen,,Tỉnh,Province,,VN.PY,,,Nam Trung Bộ,VNM-PYN,41,2,20,5,,PY,0,-99,7,7,5,4,VM61,,2347745,"Phu Yen, VN, Vietnam",Phú Yên,13.1647,109.064,VNM,VNM,2,Vietnam,Vietnam,VNM,1569805,Tinh Phu Yen,-3726345,"Phu Yen, Tinh",1,,VN.61,,VM69,1,eng,VM61,,8.0,11,8,Q36725,محافظة فو أين,ফু ইয়েন,Phú Yên,Phú Yên,Phú Yên,Phú Yên,Φου Γιέν,फु येन प्रांत,Phú Yên,Phu Yen,Phu Yen,フーイエン省,푸옌성,Phú Yên,Prowincja Phú Yên,Phu Yen,Фуйен,Phu Yen,Phu Yen,Phú Yên,富安省,1159308295,פו יין,Фуєн,فو ین صوبہ,استان فو ین,富安省,,,,,,,,,,,,,,,,,,,,,,,,,,,,,,,,,,admin_boundary,state,13.155886134795026,109.06406823052214,39 Phú Yên,0.75
40,Admin-1 states provinces,7,VNM-485,485,VN-31,,VN,1,Bình Định,Binh Dinh,,Tỉnh,Province,,VN.BD,,,Nam Trung Bộ,VNM-BDN,49,2,20,5,,BD,0,-99,7,9,5,4,VM46,,2347730,"Binh Dinh, VN, Vietnam",Bình Định,14.1075,108.971,VNM,VNM,2,Vietnam,Vietnam,VNM,1587871,Tinh Binh Dinh,-3708241,"Binh Dinh, Tinh",1,,VN.46,,VM54,1,vie,VM46,,8.0,11,8,Q36693,محافظة بنه دنه,বিহ্ন দিহ্ন,Bình Định,Bình Định,Bình Định,Bình Định,Μπινχ Ντινχ,बिन्ह दिन्ह,Bình Định,Binh Dinh,Binh Dinh,ビンディン省,빈딘성,Bình Định,Prowincja Bình Định,Binh Dinh,Биньдинь,Binh Dinh,Binh Dinh,Bình Định,平定省,1159308303,בין דינג,Біньдінь,بنہ دینہ صوبہ,استان بین دین,平定省,,,,,,,,,,,,,,,,,,,,,,,,,,,,,,,,,,admin_boundary,state,14.11907450773475,108.9496379345443,40 Bình Định,0.16
41,Admin-1 states provinces,7,VNM-488,488,VN-29,,VN,1,Quảng Ngãi,Quang Ngai,,Tỉnh,Province,,VN.QG,,,Nam Trung Bộ,VNM-QNG,47,2,20,5,,QG,0,-99,7,10,5,4,VM63,,20070077,"Quang Ngai, VN, Vietnam",Quảng Ngãi,14.9971,108.686,VNM,VNM,2,Vietnam,Vietnam,VNM,1568769,Tinh Quang Ngai,-3727384,"Quang Ngai, Tinh",1,,VN.63,,VM71,1,eng,VM63,,8.0,11,8,Q33304,محافظة كوانغ ناي,কুয়াং গাই,Quảng Ngãi,Quảng Ngãi,Quảng Ngãi,Quảng Ngãi,Κουάνγκ Νγκάι,कैंग गाई,Quảng Ngãi,Quang Ngai,Quang Ngai,クアンガイ省,꽝응아이성,Quảng Ngãi,Prowincja Quảng Ngãi,Quang Ngai,Куангнгай,Quang Ngai,Quang Ngai,Quảng Ngãi,广义省,1159308309,קואנג נגאי,Куангнгай,قوانگ نگائی صوبہ,استان کوانگ نگای,廣義省,,,,,,,,,,,,,,,,,,,,,,,,,,,,,,,,,,admin_boundary,state,15.00540761942284,108.68561201304068,41 Quảng Ngãi,0.3
42,Admin-1 states provinces,7,VNM-491,491,VN-DN,,VN,1,Đà Nẵng,Da Nang City|Da Nang,,Thành phố TW,Central City,,VN.DA,,,Nam Trung Bộ,VNM-TTH,46,2,20,5,,DA,0,-99,7,7,5,4,VM78,,20070085,"Da Nang, VN, Vietnam",Đà Nẵng,16.0912,108.102,VNM,VNM,2,Vietnam,Vietnam,VNM,1905468,Thanh Pho Da Nang,409833,"Da Nang, Thanh Pho",1,,VN.78,,,1,fas,VM78,,8.0,11,8,Q25282,دا نانغ,ডানাং,Đà Nẵng,Da Nang,Đà Nẵng,Đà Nẵng,Ντα Νανγκ,दा नांग,Đà Nẵng,Đà Nẵng,Da Nang,ダナン,다낭,Đà Nẵng,Đà Nẵng,Da Nang,Дананг,Da Nang,Đà Nẵng,Đà Nẵng,岘港市,1159308317,דננג,Дананг,دا نانگ,دانانگ,峴港市,,,,,,,,,,,,,,,,,,,,,,,,,,,,,,,,,,admin_boundary,state,16.102429461774904,108.08650660722836,42 Da Nang,2.66
43,Admin-1 states provinces,7,VNM-466,466,VN-18,,VN,1,Ninh Bình,Ninh Binh,,Tỉnh,Province,,VN.NB,,,Đồng Bằng Sông Hồng,VNM-NBN,65,2,20,5,,NB,0,-99,7,9,5,4,VM59,,2347743,"Ninh Binh, VN, Vietnam",Ninh Bình,20.2722,105.852,VNM,VNM,2,Vietnam,Vietnam,VNM,1559970,Tinh Ninh Binh,-3736201,"Ninh Binh, Tinh",1,,VN.59,,VM67,1,eng,VM59,,8.7,11,8,Q36900,محافظة ننه بنه,নিহ্ন বিহ্ন,Ninh Bình,Ninh Bình,Ninh Binh,Ninh Bình,Νινχ Μπινχ,निन्ह बिन्ह,Ninh Bình,Ninh Bình,Ninh Binh,ニンビン省,닌빈성,Ninh Bình,Prowincja Ninh Bình,Ninh Binh,Ниньбинь,Ninh Binh,Ninh Bình,Ninh Bình,宁平省,1159308355,נין בין,Ніньбінь,ننہ بنہ صوبہ,استان نین بین,寧平省,,,,,,,,,,,,,,,,,,,,,,,,,,,,,,,,,,admin_boundary,state,20.233110920844265,105.8993382694958,43 Ninh Bình,0.14
44,Admin-1 states provinces,7,VNM-468,468,VN-67,,VN,1,Nam Định,Nam Dinh,,Tỉnh,Province,,VN.ND,,,Đồng Bằng Sông Hồng,VNM-NHA,64,2,20,5,,ND,0,-99,7,8,5,4,VM82,,20070089,"Nam Dinh, VN, Vietnam",Nam Định,20.2343,106.254,VNM,VNM,2,Vietnam,Vietnam,VNM,1905626,Tinh Nam Dinh,411028,"Nam Dinh, Tinh",1,,VN.82,,,1,fas,VM82,,8.7,11,8,Q36907,محافظة نام دنه,নাম দিহ্ন,Nam Định,Nam Định,Nam Định,Nam Định,Ναμ Ντίνχ,नाम दिन्ह,Nam Định,Nam Định,Nam Dinh,ナムディン省,남딘성,Nam Định,Prowincja Nam Định,Nam Dinh,Намдинь,Nam Dinh,Nam Dinh,Nam Định,南定省,1159308359,מאגר נאם נגום,Намдінь,نام دینہ صوبہ,استان نام دین,南定省,,,,,,,,,,,,,,,,,,,,,,,,,,,,,,,,,,admin_boundary,state,20.227930507764967,106.26175601070308,44 Nam Định,-0.45
45,Admin-1 states provinces,7,VNM-471,471,VN-20,,VN,1,Thái Bình,Thai Binh,,Tỉnh,Province,,VN.TB,,,Đồng Bằng Sông Hồng,VNM-TBI,62,2,20,5,,TB,0,-99,7,9,5,4,VM35,,2347716,"Thai Binh, VN, Vietnam",Thái Bình,20.5303,106.371,VNM,VNM,2,Vietnam,Vietnam,VNM,1566338,Tinh Thai Binh,-3729822,"Thai Binh, Tinh",1,,VN.35,,VM35,1,eng,VM35,,8.7,11,8,Q36681,محافظة تهاي بنه,তাই বিন,Thái Bình,Thái Bình,Thái Bình,Thái Bình,Τάι Μπινχ,थाई बिन प्रांत,Thái Bình,Thai Binh,Thai Binh,タイビン省,타이빈성,Thái Bình,Prowincja Thái Bình,Thai Binh,Тхайбинь,Thai Binh,Thái Bình,Thái Bình,太平省,1159308365,טאי בינה,Тхайбінь,تھائی بنہ صوبہ,استان تای بین,太平省,,,,,,,,,,,,,,,,,,,,,,,,,,,,,,,,,,admin_boundary,state,20.49172782493966,106.37039716933717,45 Thái Bình,-0.04
46,Admin-1 states provinces,7,VNM-4600,4600,VN-HP,,VN,1,Hải Phòng,Hai Phong|Haiphong,,Thành phố TW,Central City,,VN.HP,,,Đồng Bằng Sông Hồng,,-99,2,20,5,,,0,1,7,9,5,4,,,2347707,"Hai Phong, VN, Vietnam",Hải Phòng,20.79,106.635,VNM,VNM,2,Vietnam,Vietnam,VNM,1581297,Thanh Pho Hai Phong,-3714826,"Hai Phong, Thanh Pho",1,,VN.13,,,1,vie,VM13,,8.7,11,8,Q72818,هايفونغ,হাইফোং,Hải Phòng,Haiphong,Hải Phòng,Haïphong,Χάι Φονγκ,हाई फोंग,Hải Phòng,Hải Phòng,Haiphong,ハイフォン,하이퐁,Hải Phòng,Hajfong,Haiphong,Хайфон,Hai Phong,Hải Phòng,Hải Phòng,海防市,1159315573,היפונג,Хайфон,ہائیفونگ,هایفونگ,海防市,,,,,,,,,,,,,,,,,,,,,,,,,,,,,,,,,,admin_boundary,state,20.813045152711624,106.61156192369351,46 Haiphong,0.89
47,Admin-1 states provinces,7,VNM-459,459,VN-14,,VN,1,Hòa Bình,Hoa Binh,,Tỉnh,Province,,VN.HO,,,Tây Bắc,VNM-HBN,61,2,20,5,,HO,0,-99,7,8,5,4,VM53,VM53,2347737,"Hoa Binh, VN, Vietnam",Hòa Bình,20.7292,105.34,VNM,VNM,2,Vietnam,Vietnam,VNM,1572594,Tinh Hoa Binh,-3723555,"Hoa Binh, Tinh",1,,VN.53,,VM61,1,eng,VM53,,8.0,11,8,Q36015,محافظة هوا بنه,হোয়া বিহ্ন,Hòa Bình,Hòa Bình,Hòa Bình,Hòa Bình,Χόα Μπινχ,हो बिन्ह,Hòa Bình,Hoa Binh,Hoa Binh,ホアビン省,호아빈성,Hòa Bình,Prowincja Hoà Bình,Hoa Binh,Хоабинь,Hoa Binh,Hoa Binh,Hòa Bình,和平省,1159308341,קואנג בין,Хоабінь,ہوا بنہ صوبہ,استان هوا بین,和平省,,,,,,,,,,,,,,,,,,,,,,,,,,,,,,,,,,admin_boundary,state,20.688528089817336,105.34221014747132,47 Hòa Bình,2.01
48,Admin-1 states provinces,7,VNM-457,457,VN-07,,VN,1,Tuyên Quang,Tuyen Quang,,Tỉnh,Province,,VN.TQ,,,Đông Bắc,VNM-TQN,63,2,20,5,,TQ,0,-99,7,11,5,4,VM68,,2347751,"Tuyen Quang, VN, Vietnam",Tuyên Quang,22.131,105.229,VNM,VNM,2,Vietnam,Vietnam,VNM,1559976,Tinh Tuyen Quang,-3736195,"Tuyen Quang, Tinh",1,,VN.68,,VM76,1,eng,VM68,,8.0,11,8,Q2332060,محافظة توين كوانغ,তুয়েন কুয়াং,Tuyên Quang,Tuyên Quang,Tuyên Quang,Tuyên Quang,Τουγιέν Κουάνγκ,तुएन कैंग,Tuyên Quang,Tuyen Quang,Tuyen Quang,トゥエンクアン省,뚜옌꽝성,Tuyên Quang,Prowincja Tuyên Quang,Tuyen Quang,Туенкуанг,Tuyen Quang,Tuyên Quang,Tuyên Quang,宣光省,1159308337,טויאן קוואנג,Туєнкуанг,توین قوانگ صوبہ,استان توین کوانگ,宣光省,,,,,,,,,,,,,,,,,,,,,,,,,,,,,,,,,,admin_boundary,state,22.07165049937103,105.2294997500134,48 Tuyên Quang,0.66
49,Admin-1 states provinces,7,VNM-458,458,VN-06,,VN,1,Yên Bái,Yen Bai,,Tỉnh,Province,,VN.YB,,,Đông Bắc,VNM-YBA,60,2,20,5,,YB,0,-99,7,7,5,4,VM70,,2347753,"Yen Bai, VN, Vietnam",Yên Bái,21.7484,104.512,VNM,VNM,2,Vietnam,Vietnam,VNM,1559978,Tinh Yen Bai,-3736193,"Yen Bai, Tinh",1,,VN.70,,VM78,1,eng,VM70,,8.0,11,8,Q36349,محافظة ين باي,ইয়েন বাই,Yên Bái,Yên Bái,Yên Bái,Yên Bái,Γιέν Μπάι,येन बाई प्रांत,Yên Bái,Yen Bai,Yen Bai,イエンバイ省,옌바이성,Yên Bái,Prowincja Yên Bái,Yen Bai,Йенбай,Yen Bai,Yen Bai,Yên Bái,安沛省,1159308339,יין באי,Єнбай,یین با پراونس,استان ین بای,安沛省,,,,,,,,,,,,,,,,,,,,,,,,,,,,,,,,,,admin_boundary,state,21.77301201256923,104.58330058861536,49 Yên Bái,0.85
50,Admin-1 states provinces,7,VNM-464,464,VN-70,,VN,1,Vĩnh Phúc,Vinh Phuc,,Tỉnh,Province,,VN.VC,,,Đồng Bằng Sông Hồng,VNM-HNO,8,2,20,5,,VC,0,-99,7,9,5,4,VM86,,20070090,"Vinh Phuc, VN, Vietnam",Vĩnh Phúc,21.3455,105.549,VNM,VNM,2,Vietnam,Vietnam,VNM,1905856,Tinh Vinh Phuc,411760,"Vinh Phuc, Tinh",1,,VN.86,,,1,fas,VM86,,8.7,11,8,Q27566,محافظة فين فوك,ভিহ্ন ফুক,Vĩnh Phúc,Vĩnh Phúc,Vĩnh Phúc,Vĩnh Phúc,Βινχ Φουκ,विन्ह फूक,Vĩnh Phúc,Vinh Phuc,Vinh Phuc,ヴィンフック省,빈푹성,Vĩnh Phúc,Prowincja Vĩnh Phúc,Vinh Phuc,Виньфук,Vinh Phuc,Vĩnh Phúc,Vĩnh Phúc,永福省,1159308353,מחוז וין פוק,Віньфук,وینہ فوک صوبہ,استان وین فوک,永福省,,,,,,,,,,,,,,,,,,,,,,,,,,,,,,,,,,admin_boundary,state,21.33441123375608,105.58417128346136,50 Vĩnh Phúc,1.03
51,Admin-1 states provinces,7,VNM-469,469,VN-68,,VN,1,Phú Thọ,Phu Tho,,Tỉnh,Province,,VN.PT,,,Đông Bắc,VNM-VPH,9,2,20,5,,PT,0,-99,7,7,5,4,VM83,,20070091,"Phu Tho, VN, Vietnam",Phú Thọ,21.3127,105.143,VNM,VNM,2,Vietnam,Vietnam,VNM,1905577,Tinh Phu Tho,410758,"Phu Tho, Tinh",1,,VN.83,,,1,fas,VM83,,8.0,11,8,Q36610,محافظة فو تاه,ফু থ,Phú Thọ,Phú Thọ,Phú Thọ,Phú Thọ,Φου Θο,फू ठो,Phú Thọ,Phu Tho,Phu Tho,フート省,푸토성,Phú Thọ,Prowincja Phú Thọ,Phu Tho,Футхо,Phu Tho,Phu Tho,Phú Thọ,富寿省,1159308361,פו טהו,Футхо,فو تھو صوبہ,استان فو تو,富壽省,,,,,,,,,,,,,,,,,,,,,,,,,,,,,,,,,,admin_boundary,state,21.312714955621043,105.11857791933984,51 Phú Thọ,0.43
52,Admin-1 states provinces,7,VNM-462,462,VN-HN,,VN,1,Hà Nội,Hanoi,,Thành phố TW,Central City,,VN.HI,,,Đông Bắc,VNM-HNO,35,2,20,5,,,0,-99,7,6,5,4,,,2347727,,Ha Noi,21.1306,105.872,VNM,VNM,2,Vietnam,Vietnam,VNM,1581129,Thanh Pho Ha Noi,-3714994,"Ha Noi, Thanh Pho",1,,VN.44,,,1,vie,VM44,,8.7,11,8,Q1858,هانوي,হ্যানয়,Hanoi,Hanoi,Hanói,Hanoï,Ανόι,हनोई,Hanoi,Hanoi,Hanoi,ハノイ,하노이,Hanoi,Hanoi,Hanói,Ханой,Hanoi,Hanoi,Hà Nội,河内市,1159308347,האנוי,Ханой,ہنوئی,هانوی,河內市,,,,,,,,,,,,,,,,,,,,,,,,,,,,,,,,,,admin_boundary,state,20.989258400695064,105.69558632034465,52 Hanoi,2.02
53,Admin-1 states provinces,7,VNM-451,451,VN-53,,VN,1,Bắc Kạn,Bac Kan,,Tỉnh,Province,,VN.BK,,,,VNM-BTH,48,2,20,5,,,0,-99,7,8,5,4,VM72,,20070084,"Bac Kan, VN, Vietnam",Đông Bắc,22.1476,105.874,VNM,VNM,2,Vietnam,Vietnam,VNM,1905669,Tinh Bac Kan,411213,"Bac Kan, Tinh",1,,VN.72,,,1,fas,VM72,,8.0,11,8,Q1194516,شمال شرق,উত্তর-পূর্ব ভিয়েতনাম,Nordost-Vietnam,Northeast Vietnam,Nordeste,Nord-est,Νόρθιστ,उत्तरपूर्व,Đông Bắc,Vietnam Timur Laut,Dong Bac,東北部,동북부 지방,Northeast Vietnam,Północno-Wschodni,Nordeste,Северо-Восточный Вьетнам,Dong Bac,Kuzeydoğu Vietnam,Vùng Đông Bắc,东北部,1159308323,דונג באק,Північно-Східний В'єтнам,شمال مشرقی,شمال شرقی ویتنام,東北部,,,,,,,,,,,,,,,,,,,,,,,,,,,,,,,,,,admin_boundary,state,22.242520851186036,105.85118721829032,53 Northeast Vietnam,0.65
54,Admin-1 states provinces,7,VNM-461,461,VN-66,,VN,1,Hưng Yên,Hung Yen,,Tỉnh,Province,,VN.HY,,,,VNM-HHU,40,2,20,5,,,0,-99,7,19,5,4,VM81,,20070079,"Hung Yen, VN, Vietnam",Đồng Bằng Sông Hồng,20.8085,106.076,VNM,VNM,2,Vietnam,Vietnam,VNM,1905699,Tinh Hung Yen,411324,"Hung Yen, Tinh",1,,VN.81,,,1,fas,VM81,,8.7,11,8,,دلتا النهر الأحمر,দং ব্যাং সং হং,Đồng Bằng Sông Hồng,Red River Delta,Región del Delta del Río Rojo,Delta du Fleuve Rouge,Ντονγκ Μπανγκ Σονγκ Χονγκ,दोंग बैंग सोंग होन्ग,Đồng Bằng Sông Hồng,Dong Bang Song Hong,Delta del fiume Rosso,紅河デルタ,동 방 송 홍,Rode Rivierdelta,Region Delty Rzeki Czerwonej,Delta do Rio Vermelho,Дельта Красной реки,Đồng Bằng Sông Hồng,Đồng Bằng Sông Hồng,Đồng Bằng Sông Hồng,红河三角洲,1159308345,דונג באנג סונג הונג,дельта Червоної річки,ڈانگ بینگ سانگ ہانگ,دونگ بانگ سونگ هونگ,紅河三角洲,,,,,,,,,,,,,,,,,,,,,,,,,,,,,,,,,,admin_boundary,state,20.825282979908103,106.05761307058104,54 Red River Delta,0.6
55,Admin-1 states provinces,7,VNM-463,463,VN-56,,VN,1,Bắc Ninh,Bac Ninh,,Tỉnh,Province,,VN.BN,,,Đồng Bằng Sông Hồng,VNM-HNO,39,2,20,5,,BN,0,-99,7,8,5,4,VM74,,20070088,"Bac Ninh, VN, Vietnam",Bắc Ninh,21.098,106.117,VNM,VNM,2,Vietnam,Vietnam,VNM,1905412,Tinh Bac Ninh,409626,"Bac Ninh, Tinh",1,,VN.74,,,1,fas,VM74,,8.7,11,8,Q33408,محافظة باك ننه,ব্যাক নিহ্ন,Bắc Ninh,Bắc Ninh,Bắc Ninh,Bắc Ninh,Μπακ Νινχ,बक निन्ह,Bắc Ninh,Bac Ninh,Bac Ninh,バクニン省,박닌성,Bắc Ninh,Prowincja Bắc Ninh,Bac Ninh,Бакнинь,Bac Ninh,Bắc Ninh,Bắc Ninh,北宁省,1159308349,באק נינג,Бакнінь,باک ننہ صوبہ,استان باک نین,北寧省,,,,,,,,,,,,,,,,,,,,,,,,,,,,,,,,,,admin_boundary,state,21.10405688253584,106.11761673386287,55 Bắc Ninh,0.8
56,Admin-1 states provinces,7,VNM-470,470,VN-54,,VN,1,Bắc Giang,Bac Giang,,Tỉnh,Province,,VN.BG,,,Đông Bắc,VNM-HBA,38,2,20,5,,BG,0,-99,7,9,5,4,VM71,,20070087,"Bac Giang, VN, Vietnam",Bắc Giang,21.3512,106.493,VNM,VNM,2,Vietnam,Vietnam,VNM,1905419,Tinh Bac Giang,409693,"Bac Giang, Tinh",1,,VN.71,,,1,fas,VM71,,8.0,11,8,Q36367,محافظة باك زانغ,বাক গিয়াং,Bắc Giang,Bắc Giang,Bắc Giang,Bắc Giang,Μπακ Γκιάνγκ,बीक गियांग,Bắc Giang,Bac Giang,Bac Giang,バクザン省,박장성,Bắc Giang,Prowincja Bắc Giang,Bac Giang,Бакзянг,Bac Giang,Bắc Giang,Bắc Giang,北江省,1159308363,באק זאנג,Бакзянг,باک گیانگ صوبہ,استان باک گیانگ,北江省,,,,,,,,,,,,,,,,,,,,,,,,,,,,,,,,,,admin_boundary,state,21.383501288703485,106.66912763977868,56 Bắc Giang,0.45
57,Admin-1 states provinces,7,VNM-452,452,VN-69,,VN,1,Thái Nguyên,Thai Nguyen,,Tỉnh,Province,,VN.TY,,,Ðông B?c,VNM-BTH,37,2,20,5,,TY,0,-99,7,11,5,4,VM85,,20070083,"Thai Nguyen, VN, Vietnam",Thái Nguyên,21.5812,105.887,VNM,VNM,2,Vietnam,Vietnam,VNM,1905497,Tinh Thai Nguyen,410087,"Thai Nguyen, Tinh",1,,VN.85,,,1,fas,VM85,,8.0,11,8,Q26575,محافظة تهاي غوين,তৈইয়ূআন,Thái Nguyên,Thái Nguyên,Thái Nguyên,Thái Nguyên,Τάι Νγκουγιέν,थाई ग्युएन प्रांत,Thái Nguyên,Thai Nguyen,Thai Nguyen,タイグエン省,타이응우옌성,Thái Nguyên,Prowincja Thái Nguyên,Thái Nguyên,Тхайнгуен,Thai Nguyen,Thái Nguyên,Thái Nguyên,太原省,1159308325,טהאי נגויאן,Тхайнгуєн,تھائی نگوین صوبہ,استان تای نگوین,太原省,,,,,,,,,,,,,,,,,,,,,,,,,,,,,,,,,,admin_boundary,state,21.68058909760873,105.88734073303834,57 Thái Nguyên,0.87
58,Admin-1 states provinces,7,VNM-460,460,VN-61,,VN,1,Hải Dương,Hai Duong,,Tỉnh,Province,,VN.HD,,,Đồng Bằng Sông Hồng,VNM-HHU,36,2,20,5,,HD,0,-99,7,9,5,4,VM79,,20070080,"Hai Duong, VN, Vietnam",Hải Dương,20.9613,106.364,VNM,VNM,2,Vietnam,Vietnam,VNM,1905686,Tinh Hai Duong,411295,"Hai Duong, Tinh",1,,VN.79,,,1,fas,VM79,,8.7,11,8,Q36729,محافظة هاي ديونغ,হাই দুওং,Hải Dương,Hải Dương,Hải Dương,Hải Dương,Χάι Ντουόνγκ,हाई दुरोंग,Hải Dương,Hai Duong,Hai Duong,ハイズオン省,하이즈엉성,Hải Dương,Prowincja Hải Dương,Hai Duong,Хайзыонг,Hai Duong,Hai Duong,Hải Dương,海阳省,1159308343,האי זיינג,Хайзионг,ہائی دیونگ صوبہ,استان های دونگ,海陽省,,,,,,,,,,,,,,,,,,,,,,,,,,,,,,,,,,admin_boundary,state,20.9352436073892,106.36663118015082,58 Hải Dương,0.3
59,Admin-1 states provinces,7,VNM-467,467,VN-63,,VN,1,Hà Nam,Ha Nam,,Tỉnh,Province,,VN.HM,,,Đồng Bằng Sông Hồng,VNM-NBN,34,2,20,5,,HM,0,-99,7,6,5,4,VM80,,2347741,"Ha Nam, VN, Vietnam",Hà Nam,20.5569,105.985,VNM,VNM,2,Vietnam,Vietnam,VNM,1905637,Tinh Ha Nam,411046,"Ha Nam, Tinh",1,,VN.80,,,1,fas,VM80,,8.7,11,8,Q36413,محافظة ها نام,হ্য নাম,Hà Nam,Hà Nam,Hà Nam,Hà Nam,Χα Ναμ,हा नाम,Hà Nam,Ha Nam,Ha Nam,ハナム省,하남성,Hà Nam,Prowincja Hà Nam,Hà Nam,Ханам,Ha Nam,Ha Nam,Hà Nam,河南省,1159308357,אה נם,Ханам,صوبہ ہانام,استان ها نام,河南省,,,,,,,,,,,,,,,,,,,,,,,,,,,,,,,,,,admin_boundary,state,20.537589110956684,105.96057310697934,59 Hà Nam,-0.07
60,Admin-1 states provinces,7,VNM-483,483,VN-57,,VN,1,Bình Dương,Binh Duong,,Tỉnh,Province,,VN.BI,,,Đông Nam Bộ,VNM-SBE,43,2,20,5,,BI,0,-99,7,10,5,4,VM75,,20070078,"Bin Duong, VN, Vietnam",Bình Dương,11.1382,106.659,VNM,VNM,2,Vietnam,Vietnam,VNM,1905475,Tinh Binh Duong,409880,"Binh Duong, Tinh",1,,VN.75,,,1,fas,VM75,,8.7,11,8,Q36866,محافظة بنه ديونغ,বিহ্ন ডুওং,Bình Dương,Bình Dương,Bình Dương,Bình Dương,Μπινχ Ντούονγκ,बिन्ह ड्यूओंग,Bình Dương,Bình Dương,Binh Duong,ビンズオン省,빈즈엉성,Bình Dương,Prowincja Bình Dương,Binh Duong,Биньзыонг,Binh Duong,Binh Duonb,Bình Dương,平阳省,1159308299,בין ייאנג,Біньзионг,بنہ دیونگ صوبہ,استان بین دونگ,平陽省,,,,,,,,,,,,,,,,,,,,,,,,,,,,,,,,,,admin_boundary,state,11.19179779688082,106.6586373233038,60 Bình Dương,6.97
61,Admin-1 states provinces,7,VNM-480,480,VN-35,,VN,1,Lâm Đồng,Lam Dong,,Tỉnh,Province,,VN.LD,,,Tây Nguyên,VNM-LDO,45,2,20,5,,LD,0,-99,7,8,5,4,VM23,,2347709,"Lam Dong, VN, Vietnam",Lâm Đồng,11.5362,108.0,VNM,VNM,2,Vietnam,Vietnam,VNM,1577882,Tinh Lam Dong,-3718253,"Lam Dong, Tinh",1,,VN.23,,VM23,1,eng,VM23,,8.0,11,8,Q36721,محافظة لام دونغ,লাম ডং,Lâm Đồng,Lâm Đồng,Lâm Đồng,Lâm Đồng,Λαμ Ντόνγκ,लाम दोंग,Lâm Đồng,Lam Dong,Lam Dong,ラムドン省,럼동성,Lâm Đồng,Prowincja Lâm Đồng,Lam Dong,Ламдонг,Lam Dong,Lâm Đồng,Lâm Đồng,林同省,1159308291,לם דאונגם,Ламдонг,لام ڈونگ صوبہ,استان لام دونگ,林同省,,,,,,,,,,,,,,,,,,,,,,,,,,,,,,,,,,admin_boundary,state,11.731717511709212,108.10428299926174,61 Lâm Đồng,1.91
62,Admin-1 states provinces,7,VNM-499,499,VN-CT,,VN,1,Cần Thơ,Can Tho,,Thành phố TW,Central City,,VN.CN,,,,,15,2,20,5,,,0,-99,7,7,5,4,,,2347732,"Can Tho, VN, Vietnam",Can Tho,10.2421,105.685,VNM,VNM,2,Vietnam,Vietnam,VNM,1581188,Thanh Pho Can Tho,-3714935,"Can Tho, Thanh Pho",1,,VN.87,,VM46,1,vie,VM87,,8.7,11,8,Q216075,كن تاه,কান থো,Cần Thơ,Cần Thơ,Cần Thơ,Cần Thơ,Καν Θο,कान थौ,Cần Thơ,Cần Thơ,Cần Thơ,カントー,껀터,Cần Thơ,Cần Thơ,Can Tho,Кантхо,Can Tho,Cần Thơ,Cần Thơ,芹苴市,1159308379,קאנטחו,Кантхо,کآن تھؤ,کان تو,芹苴市,,,,,,,,,,,,,,,,,,,,,,,,,,,,,,,,,,admin_boundary,state,10.23049116700168,105.59115613533773,62 Cần Thơ,0.95
